hidden_features,dimension,forward_ms,inverse_ms,inv_over_fwd
64x64,4,0.165,0.430,2.60
64x64,8,0.157,0.709,4.52
64x64,16,0.181,1.532,8.46
64x64,32,0.209,3.772,18.08
64x64,64,0.274,11.047,40.37
64x64,128,0.392,38.533,98.40
128x128,4,0.163,0.495,3.04
128x128,8,0.171,0.867,5.08
128x128,16,0.217,1.858,8.56
128x128,32,0.266,4.588,17.25
128x128,64,0.297,13.285,44.76
128x128,128,0.448,44.233,98.79
256x256,4,0.174,0.547,3.14
256x256,8,0.188,1.010,5.37
256x256,16,0.210,2.199,10.46
256x256,32,0.259,5.421,20.91
256x256,64,0.353,17.193,48.72
256x256,128,0.564,58.220,103.19
